{
  "p50": 0.0057220458984375,
  "p90": 0.0069141387939453125,
  "p99": 0.2701282501220703
}