{
  "timestamp": "2025-07-23T15:51:51.896949",
  "model_type": "economic_sentinel",
  "metrics": {
    "forecast_mae": 0.3322827635486162,
    "data_points": 365,
    "price_volatility": 0.0521160306262183,
    "risk_model_accuracy": 0.75
  }
}